{"cameraMode":{"drawMode":0,"name":"Shaded","section":"Shading Mode"},"sceneLighting":true,"audioPlay":false,"sceneViewState":{"showFog":true,"showMaterialUpdate":false,"showSkybox":true,"showFlares":true,"showImageEffects":true,"showParticleSystems":true},"in2DMode":false,"pivot":{"x":-2.055953025817871,"y":-4.803415298461914,"z":10.207649230957032},"rotation":{"x":0.00019495146989356726,"y":-0.7531895637512207,"z":0.6578035354614258,"w":0.0002229334641015157},"size":11.545028686523438,"orthographic":true}