{"cameraMode":{"drawMode":0,"name":"Shaded","section":"Shading Mode"},"sceneLighting":true,"audioPlay":false,"sceneViewState":{"showFog":true,"showMaterialUpdate":false,"showSkybox":true,"showFlares":true,"showImageEffects":true,"showParticleSystems":true},"in2DMode":false,"pivot":{"x":-6.942176818847656,"y":-2.654237747192383,"z":7.53923225402832},"rotation":{"x":-0.003397521562874317,"y":-0.9662033915519714,"z":0.2574426233768463,"w":-0.012758721597492695},"size":75.9654312133789,"orthographic":true}