{"cameraMode":{"drawMode":0,"name":"Shaded","section":"Shading Mode"},"sceneLighting":false,"audioPlay":false,"sceneViewState":{"showFog":true,"showMaterialUpdate":false,"showSkybox":true,"showFlares":true,"showImageEffects":true,"showParticleSystems":true},"in2DMode":false,"pivot":{"x":-3.207723379135132,"y":-0.0248325914144516,"z":-7.70206356048584},"rotation":{"x":-0.03379230201244354,"y":-0.8388030529022217,"z":0.052408166229724887,"w":-0.5408520698547363},"size":0.48414745926856997,"orthographic":true}