{"cameraMode":{"drawMode":0,"name":"Shaded","section":"Shading Mode"},"sceneLighting":false,"audioPlay":false,"sceneViewState":{"showFog":true,"showMaterialUpdate":false,"showSkybox":true,"showFlares":true,"showImageEffects":true,"showParticleSystems":true},"in2DMode":false,"pivot":{"x":14.835914611816407,"y":1.0062159299850464,"z":2.7015349864959719},"rotation":{"x":-0.11751738935709,"y":0.8653472661972046,"z":-0.23978042602539063,"w":-0.42410987615585329},"size":25.066240310668947,"orthographic":false}